{
  "checkpoint": "checkpoints/best_model.pth",
  "compression": "c23",
  "num_samples": 12347,
  "global_metrics": {
    "accuracy": 0.8877460111768041,
    "precision": 0.9036073329390893,
    "recall": 0.9304591401778103,
    "f1": 0.9168366734669386,
    "auc": 0.9392325469419118
  },
  "per_method": {
    "Deepfakes": {
      "samples": 6183,
      "accuracy": 0.8639818858159469,
      "precision": 0.71262341325811,
      "recall": 0.9872984855886663,
      "f1": 0.8277698136391562,
      "auc": 0.9685338217271301
    },
    "Face2Face": {
      "samples": 6186,
      "accuracy": 0.8478823149046233,
      "precision": 0.7024461482292808,
      "recall": 0.9385365853658536,
      "f1": 0.8035080392566297,
      "auc": 0.9436299948105865
    },
    "FaceSwap": {
      "samples": 6191,
      "accuracy": 0.8355677596511064,
      "precision": 0.6944131983502062,
      "recall": 0.9012165450121654,
      "f1": 0.7844133841592545,
      "auc": 0.9293527368733145
    },
    "NeuralTextures": {
      "samples": 6195,
      "accuracy": 0.8335754640839387,
      "precision": 0.6933784800601956,
      "recall": 0.8950947061680428,
      "f1": 0.7814288742845029,
      "auc": 0.9155843149338235
    }
  },
  "confusion_matrix": [
    [
      3321,
      815
    ],
    [
      571,
      7640
    ]
  ]
}