{
  "checkpoint": "checkpoints/best_model.pth",
  "compression": "c23",
  "num_samples": 4200,
  "global_metrics": {
    "accuracy": 0.8978571428571429,
    "precision": 0.9621832358674464,
    "recall": 0.8814285714285715,
    "f1": 0.9200372786579684,
    "auc": 0.9670688775510203
  },
  "per_method": {
    "Deepfakes": {
      "samples": 2100,
      "accuracy": 0.9223809523809524,
      "precision": 0.8584779706275033,
      "recall": 0.9185714285714286,
      "f1": 0.8875086266390614,
      "auc": 0.9797306122448979
    },
    "Face2Face": {
      "samples": 2100,
      "accuracy": 0.9261904761904762,
      "precision": 0.8618857901726428,
      "recall": 0.9271428571428572,
      "f1": 0.8933241569167241,
      "auc": 0.971227551020408
    },
    "FaceSwap": {
      "samples": 2100,
      "accuracy": 0.9128571428571428,
      "precision": 0.8625525946704067,
      "recall": 0.8785714285714286,
      "f1": 0.8704883227176221,
      "auc": 0.9682795918367348
    },
    "NeuralTextures": {
      "samples": 2100,
      "accuracy": 0.8895238095238095,
      "precision": 0.8451327433628318,
      "recall": 0.8185714285714286,
      "f1": 0.8316400580551524,
      "auc": 0.9458010204081632
    }
  },
  "confusion_matrix": [
    [
      1303,
      97
    ],
    [
      332,
      2468
    ]
  ]
}