{
  "checkpoint": "checkpoints/best_model.pth",
  "compression": "c23",
  "num_samples": 4200,
  "global_metrics": {
    "accuracy": 0.715952380952381,
    "precision": 0.7151271753681392,
    "recall": 0.9539285714285715,
    "f1": 0.8174445294567713,
    "auc": 0.7204316326530612
  },
  "per_method": {
    "Deepfakes": {
      "samples": 2100,
      "accuracy": 0.4857142857142857,
      "precision": 0.3906789413118527,
      "recall": 0.97,
      "f1": 0.55701394585726,
      "auc": 0.7610255102040817
    },
    "Face2Face": {
      "samples": 2100,
      "accuracy": 0.4776190476190476,
      "precision": 0.3857225100748417,
      "recall": 0.9571428571428572,
      "f1": 0.5498563807960607,
      "auc": 0.7221142857142857
    },
    "FaceSwap": {
      "samples": 2100,
      "accuracy": 0.4685714285714286,
      "precision": 0.37949015063731173,
      "recall": 0.9357142857142857,
      "f1": 0.5399835119538334,
      "auc": 0.6848306122448979
    },
    "NeuralTextures": {
      "samples": 2100,
      "accuracy": 0.4680952380952381,
      "precision": 0.38078902229845624,
      "recall": 0.9514285714285714,
      "f1": 0.5438954675377705,
      "auc": 0.7304265306122448
    }
  },
  "confusion_matrix": [
    [
      336,
      1064
    ],
    [
      129,
      2671
    ]
  ]
}